ID,Target Pressure (bar)
0,0.25497782
1,0.2502259
2,0.4390906
3,0.40114334
4,0.29829374
5,0.22587667
6,0.19333693
7,0.16794893
8,0.2950224
9,2.0889268
10,2.1355276
11,1.9570428
12,3.1056604
13,3.5215096
14,2.2800364
15,1.6299454
16,1.5996226
17,1.4767114
18,0.99665046
19,0.9964806
20,1.0014917
21,0.7011408
22,0.80560404
23,0.55403155
24,0.52920437
25,0.56387466
26,0.5677836
27,0.06255762
28,0.047649227
29,0.041230883
30,0.02717116
31,0.01970548
32,0.02141309
33,0.028711993
34,0.021734102
35,0.025895294
36,0.281959
37,0.1462467
38,0.11701882
39,0.42782083
40,0.20212929
41,0.13521205
42,0.26079023
43,0.13721214
44,0.09542985
45,0.15245406
46,0.09187957
47,0.068034165
48,0.06621697
49,0.059760205
50,0.045857344
51,0.081513725
52,0.047723286
53,0.040762123
54,0.11671144
55,0.120716535
56,0.118008465
57,0.07868871
58,0.10469559
59,0.1095676
60,0.07446771
61,0.07160024
62,0.08782435
63,0.66310364
64,0.74878526
65,0.42653093
66,0.68098164
67,0.72917044
68,0.47848222
69,0.581875
70,0.55009896
71,0.38838932
72,0.38377044
73,0.40334928
74,0.2913478
75,0.16565415
76,0.11969068
77,0.1482989
78,0.21153352
79,0.2274039
80,0.1660176
81,0.09586344
82,0.1178747
83,0.14801513
84,0.061048098
85,0.05976376
86,0.046106655
87,0.038106695
88,0.03321204
89,0.054245222
90,0.6148571
91,0.6443862
92,0.5972952
93,0.44525796
94,0.42084497
95,0.357301
96,0.2423346
97,0.23365511
98,0.21050434
99,0.36663267
100,0.42015994
101,0.33462602
102,0.26601368
103,0.13759825
104,0.09686399
105,0.08489258
106,0.09422451
107,0.097416915
108,0.14342393
109,0.17295615
110,0.21650694
111,0.11205797
112,0.113096364
113,0.09314357
114,0.07433441
115,0.067362875
116,0.12479482
117,1.1289098
118,1.0362016
119,0.9096229
120,1.0262895
121,0.9969282
122,0.7330909
123,0.8038885
124,0.6885661
125,0.53021353
126,0.6611496
127,0.6208783
128,0.4889958
129,0.33046845
130,0.24069831
131,0.19629572
132,0.18969741
133,0.18687348
134,0.17702281
135,0.111664146
136,0.11590597
137,0.12140396
138,0.06602708
139,0.07529544
140,0.0676154
141,0.045421697
142,0.04308356
143,0.061971918
144,0.57726026
145,0.67729163
146,0.4123987
147,0.7017147
148,0.7228084
149,0.40363452
150,0.3936739
151,0.4108895
152,0.2836451
153,0.3645936
154,0.32059777
155,0.23800446
156,0.15538469
157,0.1068329
158,0.10440622
159,0.13265379
160,0.1349399
161,0.107154794
162,0.10535696
163,0.14804456
164,0.13032761
165,0.094328545
166,0.09154336
167,0.07537134
168,0.072934695
169,0.06393375
170,0.09456479
171,0.9048239
172,0.49069285
173,0.39624444
174,1.112834
175,0.7449853
176,0.6576753
177,0.9906148
178,0.6744071
179,0.49312294
180,0.54698104
181,0.4512605
182,0.33656007
183,0.1529259
184,0.14010365
185,0.17103198
186,0.23728202
187,0.18942416
188,0.16444075
189,0.11384337
190,0.0924145
191,0.07540236
192,0.050870832
193,0.059961926
194,0.05210237
195,0.050685715
196,0.047947172
197,0.054667536
198,0.46079996
199,0.4222431
200,0.26999718
201,0.44309908
202,0.43055272
203,0.2505483
204,0.35550436
205,0.35900944
206,0.19771096
207,0.32410005
208,0.2852638
209,0.17081301
210,0.11640324
211,0.07615984
212,0.09368002
213,0.13697349
214,0.13052271
215,0.09336628
216,0.06830291
217,0.080958016
218,0.109914124
219,0.048091386
220,0.03976509
221,0.038844455
222,0.030824875
223,0.032413192
224,0.050951753
225,0.3312753
226,0.32724014
227,0.33612293
228,0.21850069
229,0.23962136
230,0.21554135
231,0.12906009
232,0.1417619
233,0.14672615
234,0.19198091
235,0.17682077
236,0.20013754
237,0.16694999
238,0.11427126
239,0.087082334
240,0.06356293
241,0.06262008
242,0.066905975
243,0.24970937
244,0.24666177
245,0.20613486
246,0.3482863
247,0.3106737
248,0.25302678
249,0.20139565
250,0.1629081
251,0.15943092
252,5.1175623
253,1.2435604
254,0.85058993
255,4.458188
256,1.294491
257,0.74137145
258,2.9164362
259,1.0135812
260,0.61266947
261,1.7334086
262,0.9748957
263,0.56557983
264,0.2962325
265,0.18064748
266,0.24886982
267,0.7801064
268,0.39880955
269,0.32203767
270,0.10054303
271,0.09749418
272,0.105429694
273,0.050621886
274,0.0450485
275,0.056415178
276,0.04609023
277,0.04381654
278,0.06427962
279,0.53028166
280,0.52674866
281,0.43184364
282,0.40849033
283,0.43260205
284,0.3534341
285,0.27268562
286,0.27294418
287,0.26402968
288,0.28275862
289,0.28667173
290,0.24764621
291,0.19811344
292,0.12507217
293,0.10925266
294,0.092774674
295,0.09146523
296,0.10416098
297,0.16444652
298,0.12361068
299,0.15366583
300,0.10075904
301,0.111543514
302,0.09392747
303,0.083945945
304,0.07999892
305,0.12967421
306,0.69025433
307,0.5708138
308,0.3779669
309,0.6609845
310,0.6447085
311,0.48077205
312,0.68216205
313,0.6557548
314,0.49045965
315,0.40590516
316,0.38139528
317,0.3122124
318,0.21926415
319,0.21081813
320,0.21705389
321,0.29149315
322,0.30048352
323,0.25625497
324,0.12686849
325,0.13033754
326,0.13249813
327,0.07828902
328,0.087024875
329,0.08171118
330,0.06626145
331,0.06751323
332,0.0819929
333,0.62821025
334,0.5413071
335,0.35359898
336,0.64000905
337,0.5710304
338,0.37606245
339,0.5978529
340,0.62086535
341,0.3838857
342,0.41051507
343,0.36128202
344,0.29882178
345,0.18969032
346,0.110321686
347,0.13766938
348,0.18518572
349,0.19347443
350,0.14828324
351,0.18784322
352,0.19490525
353,0.20933883
354,0.10602043
355,0.10635398
356,0.085979685
357,0.074738495
358,0.075164154
359,0.12410293
360,1.093572
361,0.97137785
362,0.89498025
363,1.6056007
364,1.104743
365,0.94564813
366,0.99539787
367,0.98586684
368,0.6433256
369,0.86947626
370,0.74128985
371,0.4925933
372,0.27205163
373,0.25427943
374,0.22576231
375,0.26337615
376,0.2508589
377,0.22775295
378,0.19753158
379,0.12652655
380,0.11998492
381,0.13822326
382,0.12536843
383,0.13638484
384,0.10939845
385,0.08729773
386,0.08166742
387,2.489766
388,0.9016993
389,0.5707973
390,2.2042334
391,0.76655054
392,0.69197327
393,1.0804307
394,0.4889439
395,0.60511225
396,0.8686137
397,0.4746495
398,0.35465047
399,0.16251679
400,0.14234716
401,0.14902213
402,0.2892416
403,0.16522598
404,0.15138724
405,0.11862514
406,0.13624324
407,0.1500046
408,0.082468
409,0.08829944
410,0.07146542
411,0.066632695
412,0.06372315
413,0.09221629
414,0.70767736
415,0.6937859
416,0.50994027
417,0.6314479
418,0.5906375
419,0.46405697
420,0.53695655
421,0.5232439
422,0.36447117
423,0.44331187
424,0.3935752
425,0.33538625
426,0.23034751
427,0.13530785
428,0.14023721
429,0.18386768
430,0.18911152
431,0.15852131
432,0.10854289
433,0.11132069
434,0.14752015
435,0.09615157
436,0.07781033
437,0.063216016
438,0.05399383
439,0.062859766
440,0.08631923
441,0.527623
442,0.5506813
443,0.49257037
444,0.40546346
445,0.43069142
446,0.35332268
447,0.27867407
448,0.29574293
449,0.25871927
450,0.3565043
451,0.33788112
452,0.32484195
453,0.25743675
454,0.16724677
455,0.14726675
456,0.1484745
457,0.14210987
458,0.13992184
459,0.06596095
460,0.06341112
461,0.06766092
462,0.036300294
463,0.036419354
464,0.034330186
465,0.028548542
466,0.03300401
467,0.049580872
468,0.23094542
469,0.2693992
470,0.2117167
471,0.19491346
472,0.1912426
473,0.1490449
474,0.15357603
475,0.15282528
476,0.14856496
477,0.16403373
478,0.14688964
479,0.13137716
480,0.09055775
481,0.07820033
482,0.07408056
483,0.062513925
484,0.059074666
485,0.0704143
486,0.11468401
487,0.1142203
488,0.1345475
489,0.08919089
490,0.078775
491,0.065669864
492,0.0543546
493,0.0539937
494,0.09222407
495,0.6841434
496,0.517351
497,0.47336662
498,0.58117884
499,0.6061571
500,0.5186374
501,0.44638824
502,0.4474357
503,0.3762613
504,0.39058003
505,0.36339837
506,0.3227884
507,0.21255554
508,0.15591529
509,0.15276635
510,0.14922227
511,0.1447447
512,0.15794995
513,0.09955195
514,0.08944026
515,0.12140744
516,0.05780507
517,0.06192512
518,0.048527155
519,0.050695565
520,0.041535284
521,0.05663971
522,0.4285778
523,0.40959108
524,0.30398202
525,0.5257741
526,0.41831806
527,0.32549727
528,0.39996684
529,0.327332
530,0.27045766
531,0.24770713
532,0.2422393
533,0.19982263
534,0.1521792
535,0.11553594
536,0.10448181
537,0.14012875
538,0.14145173
539,0.1024678
540,0.06586931
541,0.051715303
542,0.06749431
543,0.04542283
544,0.038182378
545,0.04501982
546,0.030252818
547,0.034758065
548,0.069968954
549,0.18307325
550,0.21148786
551,0.18968946
552,0.19043952
553,0.18818182
554,0.18163452
555,0.17870916
556,0.17270702
557,0.18601418
558,0.12468203
559,0.12075772
560,0.11440662
561,0.09845754
562,0.09869967
563,0.097766764
564,0.08426956
565,0.083352365
566,0.091810085
567,0.059277344
568,0.0643162
569,0.05806147
570,0.04359514
571,0.041743916
572,0.031639587
573,0.0334326
574,0.028451683
575,0.033783138
576,0.32576782
577,0.26191705
578,0.16732156
579,0.29426244
580,0.23665242
581,0.14250512
582,0.21146014
583,0.18002214
584,0.11443496
585,0.21823946
586,0.17118533
587,0.11290705
588,0.082638696
589,0.061993226
590,0.06371484
591,0.098652914
592,0.084965155
593,0.057337213
594,0.13632931
595,0.15589136
596,0.20523515
597,0.08890184
598,0.09149195
599,0.07393574
600,0.054412153
601,0.048026077
602,0.08239182
603,0.9954903
604,0.99113846
605,0.875171
606,0.88653576
607,0.91221017
608,0.70978147
609,0.46621594
610,0.41567004
611,0.3514999
612,0.48837677
613,0.5019753
614,0.42865127
615,0.35397708
616,0.24781017
617,0.14702766
618,0.12927073
619,0.13061406
620,0.14417543
621,0.18827648
622,0.21384817
623,0.23499082
624,0.1672886
625,0.14175414
626,0.13274282
627,0.086847305
628,0.08719898
629,0.12572181
630,2.2635236
631,1.8925931
632,0.93228686
633,3.853843
634,2.4863412
635,1.260134
636,1.1901288
637,1.0643137
638,0.72443634
639,0.8351816
640,0.88036317
641,0.5467594
642,0.38208804
643,0.2977462
644,0.2070889
645,0.3385295
646,0.4329915
647,0.2111564
648,0.10843623
649,0.10326837
650,0.09303102
651,0.045624766
652,0.07018782
653,0.053896092
654,0.04557099
655,0.04900534
656,0.04445115
657,0.4071196
658,0.38590148
659,0.27712995
660,0.51729304
661,0.48378086
662,0.22594008
663,0.42697218
664,0.37718529
665,0.19069909
666,0.30004054
667,0.2503574
668,0.1838976
669,0.10698043
670,0.07313147
671,0.0779345
672,0.13477722
673,0.13680857
674,0.08136515
675,0.22497308
676,0.20601352
677,0.3214947
678,0.2449788
679,0.19898479
680,0.2063571
681,0.14331919
682,0.12383163
683,0.2154021
684,1.6976998
685,1.5920224
686,1.1705922
687,2.4769974
688,2.287599
689,1.4540724
690,1.6323462
691,1.1802067
692,1.0078495
693,0.79280746
694,0.8301391
695,0.6422878
696,0.48837626
697,0.49709234
698,0.4301464
699,0.45416942
700,0.46933073
701,0.422605
702,0.06709599
703,0.06578129
704,0.07344854
705,0.034380965
706,0.03738267
707,0.029074583
708,0.03418928
709,0.028120816
710,0.03599481
711,0.30722675
712,0.28214967
713,0.20326939
714,0.27798733
715,0.19636203
716,0.14181401
717,0.23327751
718,0.19730902
719,0.12703569
720,0.20388615
721,0.1849136
722,0.1448906
723,0.09150536
724,0.062516145
725,0.057880502
726,0.082068816
727,0.08858721
728,0.05984011
729,0.08128699
730,0.08973706
731,0.09829345
732,0.040586974
733,0.03748112
734,0.034209356
735,0.025472138
736,0.021912288
737,0.036318433
738,0.46072727
739,0.4820441
740,0.31944668
741,0.30946708
742,0.32594147
743,0.2340312
744,0.1577939
745,0.15702221
746,0.13466598
747,0.25217342
748,0.28559306
749,0.21360868
750,0.13559358
751,0.084762074
752,0.05494626
753,0.055463232
754,0.06035603
755,0.05622552
756,0.09491285
757,0.08455988
758,0.13160354
759,0.06725193
760,0.05419834
761,0.08007983
762,0.056266442
763,0.04698851
764,0.0886447
765,0.57057965
766,0.62136424
767,0.4515813
768,1.6203154
769,1.7545629
770,1.1484994
771,0.63594073
772,0.53808606
773,0.5298081
774,0.27963755
775,0.28096977
776,0.24997818
777,0.18360339
778,0.29237399
779,0.19000195
780,0.13291442
781,0.14057446
782,0.1742963
783,0.07631442
784,0.072987385
785,0.0646391
786,0.03258697
787,0.026820375
788,0.034252655
789,0.024518102
790,0.020397566
791,0.028776126
792,0.48007587
793,0.33534947
794,0.20803231
795,0.5536115
796,0.41283894
797,0.24984221
798,0.23895535
799,0.16750196
800,0.11749606
801,0.21395469
802,0.1823293
803,0.09573379
804,0.07677205
805,0.07090366
806,0.046533145
807,0.0697285
808,0.058686253
809,0.045457575
810,0.099026956
811,0.103049286
812,0.10834046
813,0.057670504
814,0.056688804
815,0.046090264
816,0.043344315
817,0.039793264
818,0.05410656
819,0.4735932
820,0.40226993
821,0.2976162
822,0.41700765
823,0.31622988
824,0.23157051
825,0.36661938
826,0.3123901
827,0.20997082
828,0.2657458
829,0.29210666
830,0.19177577
831,0.13404195
832,0.093563825
833,0.087593265
834,0.11693412
835,0.1268923
836,0.09333594
837,0.22568679
838,0.14917508
839,0.23889168
840,0.30573496
841,0.18928589
842,0.15744866
843,0.15513745
844,0.097845756
845,0.21278487
846,2.94466
847,1.2111877
848,0.9717981
849,5.483097
850,2.5149946
851,2.1119306
852,2.8465505
853,1.087786
854,1.0133522
855,0.6262281
856,0.4905966
857,0.4210673
858,0.32177988
859,0.58294094
860,0.46359587
861,0.8461468
862,0.44739673
863,0.43846413
864,0.068903595
865,0.07795405
866,0.10512415
867,0.05496215
868,0.04135086
869,0.03903677
870,0.033621207
871,0.03078868
872,0.05518243
873,0.3056868
874,0.3092365
875,0.33148277
876,0.23767836
877,0.24568142
878,0.22204101
879,0.16478394
880,0.16539377
881,0.1782841
882,0.17262597
883,0.1562102
884,0.16671059
885,0.16775094
886,0.11641169
887,0.09414638
888,0.0728307
889,0.07124529
890,0.079056725
891,0.14977361
892,0.15263486
893,0.1309592
894,0.1251801
895,0.12695123
896,0.124154694
897,0.11336573
898,0.09720315
899,0.11513897
900,1.1018211
901,0.6985619
902,0.47805965
903,1.1419312
904,0.79236144
905,0.54312056
906,0.98909086
907,0.5560685
908,0.44848678
909,0.57704157
910,0.3822697
911,0.31808284
912,0.18852763
913,0.16358699
914,0.18878207
915,0.3590814
916,0.29968497
917,0.20589773
918,0.17052364
919,0.1826345
920,0.2462393
921,0.16653292
922,0.13547575
923,0.10170885
924,0.07472181
925,0.072499916
926,0.12592828
927,1.0946312
928,1.0897746
929,1.0157479
930,1.0794468
931,1.0614318
932,0.9897315
933,0.658377
934,0.6700817
935,0.6437111
936,0.71774614
937,0.7124995
938,0.69784343
939,0.5064971
940,0.31555873
941,0.23485772
942,0.17796342
943,0.19442998
944,0.21094845
945,0.060295634
946,0.06973653
947,0.06632742
948,0.031154279
949,0.030336266
950,0.026619297
951,0.02878386
952,0.02080363
953,0.032786977
954,0.3754316
955,0.27463344
956,0.22294086
957,0.2699859
958,0.2342348
959,0.15876928
960,0.2246179
961,0.16966566
962,0.120504044
963,0.22035955
964,0.19803378
965,0.12440392
966,0.08697417
967,0.06634662
968,0.05151667
969,0.060937136
970,0.058200825
971,0.04411041
972,0.18675885
973,0.1781874
974,0.2773697
975,0.16067703
976,0.109314784
977,0.09211539
978,0.08304186
979,0.07586463
980,0.15427338
981,1.0632577
982,1.0569742
983,0.98534405
984,1.4192741
985,1.3295648
986,1.1377832
987,0.8715701
988,0.85957533
989,0.87438035
990,0.5587743
991,0.5332822
992,0.6518562
993,0.45498556
994,0.40169346
995,0.28506073
996,0.21618254
997,0.2124802
998,0.2730439
999,0.09239962
1000,0.07274424
1001,0.0655273
1002,0.032276254
1003,0.038148135
1004,0.030976873
1005,0.035488993
1006,0.029050611
1007,0.038788576
1008,0.33735397
1009,0.28200436
1010,0.19121346
1011,0.28585407
1012,0.18876986
1013,0.127695
1014,0.24070822
1015,0.1894784
1016,0.114712924
1017,0.28541017
1018,0.2562349
1019,0.14257278
1020,0.079294324
1021,0.05420847
1022,0.055039532
1023,0.0980937
1024,0.093467206
1025,0.05900044
1026,0.13439798
1027,0.1103122
1028,0.13256308
1029,0.054962195
1030,0.057540845
1031,0.07299369
1032,0.046013545
1033,0.054188125
1034,0.06886192
1035,1.0948807
1036,0.8197051
1037,0.50588113
1038,1.2279013
1039,1.033343
1040,0.60681
1041,0.6819418
1042,0.49797076
1043,0.27185613
1044,0.49678028
1045,0.42254317
1046,0.2608301
1047,0.18666826
1048,0.13978788
1049,0.104871385
1050,0.13686228
1051,0.16147648
1052,0.10243749
1053,0.05013405
1054,0.05981327
1055,0.06665829
1056,0.03569594
1057,0.026699487
1058,0.035355583
1059,0.024186848
1060,0.025232343
1061,0.03463108
1062,0.27292502
1063,0.27374956
1064,0.2594114
1065,0.20273271
1066,0.24564387
1067,0.17850223
1068,0.120887674
1069,0.1313156
1070,0.12649487
1071,0.14681399
1072,0.1421493
1073,0.124554925
1074,0.107940815
1075,0.076519944
1076,0.059806634
1077,0.046934158
1078,0.04909924
1079,0.051985078
1080,0.07050559
1081,0.060630135
1082,0.07457461
1083,0.04515705
1084,0.04256049
1085,0.04154912
1086,0.0335937
1087,0.031576816
1088,0.05143207
1089,0.27843037
1090,0.2718319
1091,0.24753489
1092,0.22490476
1093,0.25160816
1094,0.21525995
1095,0.16627204
1096,0.17497408
1097,0.15815212
1098,0.19237715
1099,0.20078227
1100,0.1613378
1101,0.12951437
1102,0.08863904
1103,0.08164868
1104,0.077796236
1105,0.07911238
1106,0.08318794
1107,0.17544116
1108,0.24144359
1109,0.3461601
1110,0.34996608
1111,0.2659608
1112,0.14711766
1113,0.1858386
1114,0.13489212
1115,0.24166363
1116,1.3481709
1117,1.4308853
1118,1.3997703
1119,1.3877547
1120,1.3245434
1121,1.0686184
1122,0.99200046
1123,1.0002269
1124,0.95122033
1125,0.9967605
1126,0.9969282
1127,0.94965094
1128,0.73601776
1129,0.53227633
1130,0.3729305
1131,0.3556752
1132,0.36274773
1133,0.37754545
1134,0.14959486
1135,0.15611067
1136,0.17607467
1137,0.14917164
1138,0.1801312
1139,0.13201742
1140,0.12255923
1141,0.094427355
1142,0.12159582
1143,0.99457175
1144,0.85527766
1145,0.45326853
1146,0.9971178
1147,0.9869068
1148,0.5999409
1149,0.9937193
1150,0.8523889
1151,0.53133595
1152,0.6062675
1153,0.51498395
1154,0.3707136
1155,0.2768988
1156,0.20191486
1157,0.23405151
1158,0.36473355
1159,0.3320715
1160,0.2481918
1161,0.0621597
1162,0.06411666
1163,0.073939815
1164,0.047990356
1165,0.04738768
1166,0.04262824
1167,0.034776058
1168,0.036991656
1169,0.0544041
1170,0.25852242
1171,0.26382658
1172,0.24556416
1173,0.24087678
1174,0.22290444
1175,0.19841391
1176,0.17798775
1177,0.19699453
1178,0.18554753
1179,0.18706787
1180,0.17724694
1181,0.15167929
1182,0.10608913
1183,0.1003867
1184,0.091169596
1185,0.08085906
1186,0.07693277
1187,0.089610316
1188,0.10183692
1189,0.111142896
1190,0.15636452
1191,0.07283201
1192,0.07658399
1193,0.070115045
1194,0.04805523
1195,0.04635943
1196,0.08933401
1197,0.5646169
1198,0.5916999
1199,0.5520509
1200,0.6009131
1201,0.65372586
1202,0.5462857
1203,0.3427988
1204,0.34637994
1205,0.35526386
1206,0.3295587
1207,0.33712575
1208,0.32121536
1209,0.25152466
1210,0.18550602
1211,0.1392699
1212,0.122224726
1213,0.13085501
1214,0.1415102
1215,0.111945346
1216,0.1111104
1217,0.10116761
1218,0.06747243
1219,0.08051636
1220,0.07237455
1221,0.06787843
1222,0.061198633
1223,0.069575846
1224,0.52594614
1225,0.53619915
1226,0.3115672
1227,0.5201407
1228,0.40191296
1229,0.28076956
1230,0.47017857
1231,0.4589862
1232,0.276433
1233,0.35164836
1234,0.34334943
1235,0.23383173
1236,0.13176127
1237,0.092066266
1238,0.10889368
1239,0.14729027
1240,0.15428424
1241,0.12047769
1242,0.17836389
1243,0.19194305
1244,0.27008674
1245,0.21605022
1246,0.17647953
1247,0.112657234
1248,0.1341803
1249,0.10558492
1250,0.1823879
1251,1.0583857
1252,0.9982124
1253,0.99724853
1254,0.9967006
1255,0.9822086
1256,0.9550114
1257,0.7235051
1258,0.7614238
1259,0.76924264
1260,0.77798915
1261,0.7857677
1262,0.71569276
1263,0.5114364
1264,0.40312055
1265,0.2941209
1266,0.22312073
1267,0.2321131
1268,0.25975356
1269,0.08396205
1270,0.08444179
1271,0.09488171
1272,0.051080707
1273,0.041254003
1274,0.044829056
1275,0.035523783
1276,0.030420426
1277,0.05444256
1278,0.29614487
1279,0.3017324
1280,0.2595426
1281,0.37201437
1282,0.36247057
1283,0.305609
1284,0.2136286
1285,0.2218551
1286,0.18123099
1287,0.17645702
1288,0.18712306
1289,0.14365247
1290,0.14633475
1291,0.12759155
1292,0.08940668
1293,0.08906755
1294,0.09575802
1295,0.08457372
1296,0.06195006
1297,0.06216828
1298,0.05516942
1299,0.026835592
1300,0.030539552
1301,0.025010604
1302,0.02455417
1303,0.023454435
1304,0.03235577
1305,0.20352206
1306,0.19485214
1307,0.1473815
1308,0.2065032
1309,0.1938973
1310,0.12554471
1311,0.16652977
1312,0.15265946
1313,0.113382444
1314,0.16657184
1315,0.15184581
1316,0.10750982
1317,0.076641895
1318,0.054420378
1319,0.049716562
1320,0.05736365
1321,0.056069057
1322,0.04297306
1323,0.06950793
1324,0.05364926
1325,0.059807498
1326,0.03155019
1327,0.027599232
1328,0.034236748
1329,0.033666145
1330,0.025468891
1331,0.035610788
1332,0.26544103
1333,0.16573901
1334,0.13525423
1335,0.32778406
1336,0.25616613
1337,0.16108781
1338,0.22248434
1339,0.17953354
1340,0.119063936
1341,0.16909467
1342,0.12723456
1343,0.08403466
1344,0.0744541
1345,0.06942595
1346,0.05996964
1347,0.09303902
1348,0.076711565
1349,0.061432194
1350,0.16582079
1351,0.222197
1352,0.316803
1353,0.19221209
1354,0.19579303
1355,0.11166184
1356,0.11852889
1357,0.10049753
1358,0.18758625
1359,1.1783483
1360,1.3124963
1361,1.0099137
1362,1.1353599
1363,1.1156334
1364,0.9968781
1365,0.9044346
1366,0.87304026
1367,0.8739331
1368,0.9899768
1369,0.97452706
1370,0.8669475
1371,0.62954605
1372,0.38381276
1373,0.31785032
1374,0.279545
1375,0.2932373
1376,0.33812764
1377,0.10937581
1378,0.0940444
1379,0.12852286
1380,0.070954554
1381,0.06926074
1382,0.049639028
1383,0.044158675
1384,0.04152351
1385,0.068541445
1386,0.33697098
1387,0.31769246
1388,0.34514523
1389,0.38019195
1390,0.30642977
1391,0.27745014
1392,0.3022205
1393,0.28177488
1394,0.24172291
1395,0.20396748
1396,0.21026085
1397,0.21901894
1398,0.18895024
1399,0.1266928
1400,0.11385623
1401,0.14106494
1402,0.13946258
1403,0.11270528
1404,0.17622986
1405,0.21566276
1406,0.31037134
1407,0.24935514
1408,0.27710283
1409,0.17183591
1410,0.15594271
1411,0.15126581
1412,0.25287136
1413,1.2261766
1414,1.3661041
1415,1.213928
1416,1.2999557
1417,1.6006601
1418,1.0434035
1419,1.0304941
1420,1.0008026
1421,0.99690753
1422,0.87701255
1423,0.9437475
1424,0.8764788
1425,0.7160051
1426,0.5617281
1427,0.4575646
1428,0.4038536
1429,0.40632844
1430,0.44054073
1431,0.10882146
1432,0.10145403
1433,0.1378732
1434,0.061826404
1435,0.051067267
1436,0.054796055
1437,0.041206956
1438,0.045752607
1439,0.06296306
1440,0.46653587
1441,0.43709624
1442,0.44199085
1443,0.42190126
1444,0.4920553
1445,0.3717797
1446,0.30950966
1447,0.2727022
1448,0.2743434
1449,0.27332747
1450,0.2689015
1451,0.23984493
1452,0.1956811
1453,0.13589492
1454,0.12042877
1455,0.10140177
1456,0.09866766
1457,0.104094364
1458,0.10223352
1459,0.098610535
1460,0.1260654
1461,0.058305528
1462,0.05479256
1463,0.060492545
1464,0.042041916
1465,0.038282555
1466,0.057076547
1467,0.5118575
1468,0.54393274
1469,0.36395553
1470,0.9230321
1471,0.8123845
1472,0.55188185
1473,0.38184068
1474,0.3468143
1475,0.24548012
1476,0.27460396
1477,0.28069502
1478,0.2291786
1479,0.16036083
1480,0.15091746
1481,0.09522269
1482,0.101303115
1483,0.12346642
1484,0.09304177
1485,0.12702194
1486,0.0955829
1487,0.09606328
1488,0.064795546
1489,0.050037757
1490,0.049952183
1491,0.05052264
1492,0.04175673
1493,0.04948455
1494,1.0184958
1495,0.4230127
1496,0.29010078
1497,0.9362107
1498,0.37819585
1499,0.24200667
1500,0.5476247
1501,0.25080374
1502,0.1584156
1503,0.47442138
1504,0.2683568
1505,0.15769014
1506,0.14555633
1507,0.08015417
1508,0.07624005
1509,0.15851903
1510,0.09853522
1511,0.07430302
1512,0.13982166
1513,0.123400256
1514,0.110295616
1515,0.10015625
1516,0.105606414
1517,0.09996938
1518,0.07713256
1519,0.06569622
1520,0.07974185
1521,0.68072045
1522,0.5872941
1523,0.38084742
1524,0.6456316
1525,0.4927902
1526,0.38143283
1527,0.66872996
1528,0.52461606
1529,0.35762757
1530,0.4223679
1531,0.34222353
1532,0.23042819
1533,0.14301434
1534,0.109596305
1535,0.14118904
1536,0.22600372
1537,0.2082689
1538,0.1567876
1539,0.10137241
1540,0.105606414
1541,0.09667991
1542,0.058184452
1543,0.06813154
1544,0.065269314
1545,0.05776554
1546,0.05421071
1547,0.06398612
1548,0.550921
1549,0.5108564
1550,0.2996732
1551,0.53525984
1552,0.47847837
1553,0.2986678
1554,0.45663652
1555,0.45989138
1556,0.27794138
1557,0.32682464
1558,0.3156871
1559,0.23870993
1560,0.14301485
1561,0.094770364
1562,0.10021632
1563,0.13673119
1564,0.141747
1565,0.10958849
1566,0.13837042
1567,0.13267729
1568,0.14172058
1569,0.11045082
1570,0.11777718
1571,0.05930087
1572,0.089950375
1573,0.06477327
1574,0.10960948
1575,0.7342376
1576,0.5783257
1577,0.3500657
1578,0.770869
1579,0.54761744
1580,0.40450037
1581,0.74166566
1582,0.606058
1583,0.42168683
1584,0.3731931
1585,0.3262137
1586,0.24973284
1587,0.24528244
1588,0.16607296
1589,0.18911445
1590,0.23621097
1591,0.23058234
1592,0.16145536
1593,0.1179289
1594,0.07391791
1595,0.062596254
1596,0.0544696
1597,0.03834976
1598,0.05636
1599,0.053179443
1600,0.04103513
1601,0.041178368
1602,0.5083385
1603,0.21106271
1604,0.11800489
1605,0.8608851
1606,0.33954757
1607,0.18137164
1608,0.5331875
1609,0.2989753
1610,0.14649725
1611,0.26798376
1612,0.16202134
1613,0.099382296
1614,0.06789752
1615,0.061101153
1616,0.06606057
1617,0.20605768
1618,0.119460195
1619,0.0735511
1620,0.093018934
1621,0.08600062
1622,0.10755499
1623,0.042092204
1624,0.040695332
1625,0.03679642
1626,0.029755883
1627,0.0262591
1628,0.045433924
1629,0.504316
1630,0.44206378
1631,0.44502988
1632,0.41483778
1633,0.41928852
1634,0.2870362
1635,0.18222041
1636,0.20378293
1637,0.16017187
1638,0.258109
1639,0.25427225
1640,0.21009922
1641,0.1646912
1642,0.11097401
1643,0.07497557
1644,0.06925576
1645,0.07568072
1646,0.06975079
1647,0.14218171
1648,0.10463637
1649,0.13584045
1650,0.112776
1651,0.1117
1652,0.08456376
1653,0.057986237
1654,0.07337937
1655,0.115041584
1656,0.46131778
1657,0.425283
1658,0.45886362
1659,0.36147505
1660,0.38004836
1661,0.36308125
1662,0.34489673
1663,0.34749326
1664,0.37118304
1665,0.26578602
1666,0.2567609
1667,0.25328642
1668,0.2548199
1669,0.20278691
1670,0.19373965
1671,0.16005778
1672,0.16389024
1673,0.17721646
1674,0.14563553
1675,0.12814999
1676,0.17090851
1677,0.06930551
1678,0.07190777
1679,0.06284254
1680,0.0587483
1681,0.048243962
1682,0.086737424
1683,0.93978554
1684,0.7723514
1685,0.5616353
1686,0.65512604
1687,0.60757804
1688,0.44304946
1689,0.37229487
1690,0.34023687
1691,0.33061156
1692,0.4629477
1693,0.42873415
1694,0.37124825
1695,0.26096708
1696,0.18733735
1697,0.13526434
1698,0.11490311
1699,0.117568485
1700,0.13064677
1701,0.10795646
1702,0.103610024
1703,0.14441334
1704,0.0740304
1705,0.073188834
1706,0.073557995
1707,0.07378704
1708,0.06464879
1709,0.103922226
1710,0.5394254
1711,0.4554002
1712,0.37510794
1713,0.47047547
1714,0.5088777
1715,0.38160288
1716,0.4485263
1717,0.40769783
1718,0.37439466
1719,0.33443424
1720,0.30569443
1721,0.29368716
1722,0.25734916
1723,0.20118117
1724,0.17227817
1725,0.17001177
1726,0.1677274
1727,0.18493597
1728,0.11156118
1729,0.12506835
1730,0.16190825
1731,0.0927692
1732,0.090954676
1733,0.10238379
1734,0.06629874
1735,0.068694994
1736,0.09946341
1737,1.2308322
1738,1.0857768
1739,0.6636084
1740,1.0836816
1741,1.0173565
1742,0.6045465
1743,0.7965306
1744,0.64654064
1745,0.4950378
1746,0.6508404
1747,0.6198451
1748,0.42061272
1749,0.23135957
1750,0.16906604
1751,0.15458581
1752,0.19524407
1753,0.19982886
1754,0.15831225
1755,0.10784821
1756,0.10691428
1757,0.12980463
1758,0.064524114
1759,0.05474882
1760,0.06763782
1761,0.048294496
1762,0.042913582
1763,0.059569526
1764,0.8049034
1765,0.81262845
1766,0.4882563
1767,1.1540809
1768,1.0524853
1769,0.6620566
1770,0.50547624
1771,0.47481215
1772,0.32236418
1773,0.36671817
1774,0.3677481
1775,0.24219847
1776,0.15061177
1777,0.15310322
1778,0.10443361
1779,0.1258352
1780,0.12853757
1781,0.11540358
1782,0.120624475
1783,0.12097523
1784,0.111637525
1785,0.08272671
1786,0.0860885
1787,0.08739976
1788,0.06750575
1789,0.060680296
1790,0.07281155
1791,0.861036
1792,0.58534116
1793,0.4016259
1794,0.8195061
1795,0.6457413
1796,0.42554355
1797,0.62322456
1798,0.48080358
1799,0.34156364
1800,0.4569739
1801,0.3894974
1802,0.26557818
1803,0.18849379
1804,0.12700354
1805,0.13433143
1806,0.17738658
1807,0.1604562
1808,0.13009298
1809,0.09767194
1810,0.089202054
1811,0.07901972
1812,0.045761324
1813,0.048509765
1814,0.051131155
1815,0.037443686
1816,0.03536127
1817,0.041990917
1818,0.72164875
1819,0.38849312
1820,0.30210078
1821,0.65746456
1822,0.36790782
1823,0.26850906
1824,0.4565018
1825,0.25046048
1826,0.20194528
1827,0.38991982
1828,0.24250124
1829,0.17577365
1830,0.11482695
1831,0.076630116
1832,0.06985444
1833,0.108810626
1834,0.07522502
1835,0.06480311
1836,0.11744188
1837,0.13872433
1838,0.14584045
1839,0.08388903
1840,0.07945195
1841,0.074935056
1842,0.06336578
1843,0.052578725
1844,0.07831261
1845,0.89010733
1846,0.733607
1847,0.50304645
1848,0.65709597
1849,0.6168409
1850,0.4832755
1851,0.4497523
1852,0.40565673
1853,0.3296564
1854,0.42156813
1855,0.43505806
1856,0.3579457
1857,0.27507028
1858,0.16163412
1859,0.14337268
1860,0.14026444
1861,0.1366808
1862,0.13908783
1863,0.18835472
1864,0.22502095
1865,0.16499731
1866,0.10785228
1867,0.117938906
1868,0.106600404
1869,0.07773846
1870,0.07948773
1871,0.08297795
1872,1.2721577
1873,0.9457149
1874,0.48484915
1875,1.4094737
1876,0.9674261
1877,0.53141564
1878,0.99685526
1879,0.89546174
1880,0.40484184
1881,0.95653546
1882,0.707139
1883,0.35066622
1884,0.20800337
1885,0.13236088
1886,0.14533898
1887,0.24668445
1888,0.20632027
1889,0.1504438
1890,0.09427396
1891,0.10783204
1892,0.1235511
1893,0.06731763
1894,0.07195203
1895,0.060420327
1896,0.051338933
1897,0.04824449
1898,0.06555029
1899,0.44273716
1900,0.48966968
1901,0.3583773
1902,0.68386227
1903,0.5919736
1904,0.38414022
1905,0.47396746
1906,0.46539378
1907,0.32369712
1908,0.2551013
1909,0.27320534
1910,0.2401887
1911,0.14393118
1912,0.11525298
1913,0.11629551
1914,0.15207967
1915,0.15036117
1916,0.13274224
1917,0.18355119
1918,0.15989183
1919,0.1815587
1920,0.11565997
1921,0.12288513
1922,0.09989681
1923,0.085470535
1924,0.08349411
1925,0.118632235
1926,0.8410985
1927,0.7958888
1928,0.55892676
1929,0.8471201
1930,0.78900945
1931,0.5262952
1932,0.71942365
1933,0.72327685
1934,0.5525047
1935,0.5581613
1936,0.5383318
1937,0.42068216
1938,0.27423796
1939,0.19032004
1940,0.20848198
1941,0.2357841
1942,0.23517667
1943,0.22164614
1944,0.10406983
1945,0.13477391
1946,0.15472288
1947,0.091155246
1948,0.07522434
1949,0.06418943
1950,0.060436185
1951,0.056954656
1952,0.06943492
1953,0.6494375
1954,0.7456741
1955,0.69433486
1956,0.44429618
1957,0.4559049
1958,0.40889105
1959,0.28006005
1960,0.300069
1961,0.28620622
1962,0.42024186
1963,0.41730362
1964,0.38967758
1965,0.3090388
1966,0.16720647
1967,0.13182965
1968,0.10074
1969,0.1040909
1970,0.11393059
1971,0.17018773
1972,0.17510304
1973,0.24327688
1974,0.20345101
1975,0.20868933
1976,0.13435987
1977,0.10565394
1978,0.10178756
1979,0.19605406
1980,1.0234195
1981,1.0059187
1982,0.9968836
1983,1.0523494
1984,1.0320075
1985,0.98356616
1986,0.89080125
1987,0.82867604
1988,0.80560404
1989,0.6128822
1990,0.61432767
1991,0.5329405
1992,0.41859174
1993,0.3102752
1994,0.31827098
1995,0.32700843
1996,0.3301974
1997,0.33030522
1998,0.23781101
1999,0.20283887
2000,0.2914508
2001,0.17131783
2002,0.26634887
2003,0.15931529
2004,0.109037526
2005,0.16752155
2006,0.17292258
2007,1.6334062
2008,2.2173252
2009,1.9668928
2010,2.0493038
2011,2.500087
2012,1.3224447
2013,1.3907318
2014,1.0820082
2015,1.0275441
2016,0.80075145
2017,0.72791874
2018,0.743491
2019,0.3748332
2020,0.37968335
2021,0.2924391
2022,0.4407852
2023,0.48115015
2024,0.3220697
2025,0.13713475
2026,0.18329522
2027,0.21592277
2028,0.1374377
2029,0.12320781
2030,0.08070108
2031,0.08068258
2032,0.07136526
2033,0.12459583
2034,0.9914048
2035,0.89072627
2036,0.69772756
2037,0.9753645
2038,0.8974409
2039,0.603807
2040,0.7968976
2041,0.72716904
2042,0.48601925
2043,0.58072513
2044,0.60492384
2045,0.45234284
2046,0.3630148
2047,0.24356152
2048,0.21493623
2049,0.22039509
2050,0.22918989
2051,0.21007249
2052,0.0732919
2053,0.0779825
2054,0.08959639
2055,0.041903574
2056,0.039140277
2057,0.03398732
2058,0.032869942
2059,0.03221312
2060,0.05048473
2061,0.30926
2062,0.30406547
2063,0.24940902
2064,0.31158936
2065,0.28309092
2066,0.22466527
2067,0.2574074
2068,0.25458172
2069,0.20004816
2070,0.20122142
2071,0.2090346
2072,0.1619878
2073,0.10175106
2074,0.08305279
2075,0.076197885
2076,0.0959737
2077,0.10163021
2078,0.08542654
2079,0.09908863
2080,0.087306075
2081,0.09695112
2082,0.050848413
2083,0.057276037
2084,0.054932736
2085,0.05400207
2086,0.0508354
2087,0.07442082
2088,0.30981347
2089,0.30101788
2090,0.25589475
2091,0.30207673
2092,0.30045646
2093,0.23752582
2094,0.2661272
2095,0.2537302
2096,0.23337305
2097,0.2267921
2098,0.21973534
2099,0.18171002
2100,0.16437656
2101,0.14012207
2102,0.13106729
2103,0.11858579
2104,0.11780665
2105,0.12087414
2106,0.12140586
2107,0.13700989
2108,0.179321
2109,0.13998234
2110,0.11679413
2111,0.08546175
2112,0.08574724
2113,0.08376645
2114,0.14055435
2115,0.6979036
2116,0.66887194
2117,0.6260636
2118,0.5954474
2119,0.6514741
2120,0.6208042
2121,0.5024851
2122,0.51554924
2123,0.5111097
2124,0.39418662
2125,0.39390993
2126,0.3847858
2127,0.3467113
2128,0.24389568
2129,0.2148675
2130,0.19098361
2131,0.19826797
2132,0.2136067
2133,0.1436681
2134,0.11589635
2135,0.1385527
2136,0.10231556
2137,0.10129656
2138,0.05994833
2139,0.07846834
2140,0.05930449
2141,0.079766
2142,0.6156805
2143,0.5009387
2144,0.3058266
2145,0.65711176
2146,0.5358286
2147,0.33840263
2148,0.5937077
2149,0.46702185
2150,0.3515489
2151,0.382199
2152,0.36207816
2153,0.22506903
2154,0.1797027
2155,0.13132228
2156,0.14951672
2157,0.21500598
2158,0.19742885
2159,0.14612077
2160,0.105251506
2161,0.10948454
2162,0.1480234
2163,0.07313351
2164,0.057908747
2165,0.056666605
2166,0.054091074
2167,0.047910947
2168,0.081712745
2169,0.74122006
2170,0.6157316
2171,0.5598922
2172,0.8320283
2173,0.77002835
2174,0.56380635
2175,0.40796182
2176,0.4152904
2177,0.30561957
2178,0.34005472
2179,0.34913442
2180,0.29408208
2181,0.25431702
2182,0.20898627
2183,0.12867188
2184,0.118100666
2185,0.1170742
2186,0.11229152
2187,0.052217968
2188,0.06682413
2189,0.07845859
2190,0.040307276
2191,0.038675513
2192,0.039624155
2193,0.03388872
2194,0.02683334
2195,0.043503143
2196,0.32175967
2197,0.28134096
2198,0.23046596
2199,0.24877447
2200,0.26628992
2201,0.19061072
2202,0.20527612
2203,0.18324378
2204,0.1477343
2205,0.18904343
2206,0.18500812
2207,0.1460708
2208,0.11249306
2209,0.08234601
2210,0.070574075
2211,0.08037554
2212,0.07924286
2213,0.071231686
2214,0.086217456
2215,0.10526627
2216,0.09709873
2217,0.06860955
2218,0.07025596
2219,0.05078243
2220,0.05981077
2221,0.04738545
2222,0.06265176
2223,0.61772627
2224,0.4890146
2225,0.33653426
2226,0.45465937
2227,0.37212062
2228,0.26691812
2229,0.36830437
2230,0.31869966
2231,0.23043999
2232,0.34020677
2233,0.29121864
2234,0.22031707
2235,0.1615801
2236,0.10846005
2237,0.104286954
2238,0.16200913
2239,0.1458292
2240,0.10742205
2241,0.07554943
2242,0.07980737
2243,0.09741469
2244,0.053802397
2245,0.0558297
2246,0.04944466
2247,0.0415479
2248,0.042531352
2249,0.06971094
2250,0.3512319
2251,0.38204065
2252,0.31720623
2253,0.36437947
2254,0.39300245
2255,0.31993732
2256,0.30324706
2257,0.28768325
2258,0.26185796
2259,0.22718553
2260,0.2300855
2261,0.20603701
2262,0.15686226
2263,0.10849187
2264,0.10894341
2265,0.13094108
2266,0.15040316
2267,0.10508893
2268,0.1666427
2269,0.15869036
2270,0.24598972
2271,0.19992748
2272,0.13183242
2273,0.15163152
2274,0.10113135
2275,0.09409613
2276,0.18890978
2277,1.4319283
2278,1.1680984
2279,1.0607933
2280,4.644716
2281,3.4597733
2282,2.981255
2283,1.2296995
2284,1.1747026
2285,1.41196
2286,0.5009108
2287,0.509888
2288,0.403099
2289,0.40490198
2290,0.6545417
2291,0.4010072
2292,0.38668978
2293,0.30723265
2294,0.32837793
2295,0.1761207
2296,0.19942306
2297,0.17843659
2298,0.17918746
2299,0.21006009
2300,0.17272416
2301,0.16059129
2302,0.1666048
2303,0.17274818
2304,1.1543351
2305,0.8165816
2306,0.44398203
2307,1.2773458
2308,1.0050691
2309,0.62672204
2310,1.0517833
2311,0.9968498
2312,0.6733128
2313,0.7281763
2314,0.53175247
2315,0.38788652
2316,0.2599316
2317,0.20481697
2318,0.25531882
2319,0.42635083
2320,0.35311657
2321,0.28724056
2322,0.113235645
2323,0.14108312
2324,0.14799398
2325,0.09638178
2326,0.108890876
2327,0.12129741
2328,0.08134648
2329,0.078441374
2330,0.10842181
2331,0.6551048
2332,0.6474606
2333,0.4776505
2334,0.6807062
2335,0.8077151
2336,0.50945264
2337,0.5977034
2338,0.5204993
2339,0.40725237
2340,0.45159802
2341,0.46137664
2342,0.3153632
2343,0.21906947
2344,0.18198913
2345,0.18558787
2346,0.21064475
2347,0.2207965
2348,0.18007208
2349,0.27601445
2350,0.22119564
2351,0.20203707
2352,0.19410798
2353,0.24963383
2354,0.22178309
2355,0.15229535
2356,0.14266329
2357,0.17226884
2358,3.5344543
2359,1.4126108
2360,1.0178529
2361,3.0594468
2362,1.2409583
2363,1.0144198
2364,1.9303157
2365,1.0214075
2366,0.8278911
2367,1.1434551
2368,0.8990275
2369,0.63847846
2370,0.35084647
2371,0.25402173
2372,0.27231857
2373,0.44249457
2374,0.3390251
2375,0.27167368
2376,0.203954
2377,0.18280807
2378,0.18869744
2379,0.12770022
2380,0.14051579
2381,0.15551119
2382,0.10004873
2383,0.10471143
2384,0.14816773
2385,1.0452983
2386,0.9881864
2387,0.663245
2388,1.1028343
2389,0.9981404
2390,0.70575833
2391,0.9766892
2392,0.822151
2393,0.5899656
2394,0.5702307
2395,0.52616435
2396,0.49221066
2397,0.27254468
2398,0.24060823
2399,0.2147712
2400,0.3083039
2401,0.32649815
2402,0.24433474
2403,0.21272163
2404,0.2023393
2405,0.1605404
2406,0.22623575
2407,0.23918293
2408,0.19698948
2409,0.18336384
2410,0.17217483
2411,0.15478665
2412,2.4356701
2413,0.9969282
2414,0.61441046
2415,1.7624106
2416,0.99465543
2417,0.7216701
2418,1.2540184
2419,0.9960474
2420,0.6748225
2421,1.143568
2422,0.76414543
2423,0.4010719
2424,0.26373732
2425,0.24461664
2426,0.23961888
2427,0.43340084
2428,0.28451186
2429,0.22501886
2430,0.14681698
2431,0.17554176
2432,0.2330253
2433,0.15960348
2434,0.15747005
2435,0.11019092
2436,0.10670982
2437,0.09961145
2438,0.17474794
2439,0.93028885
2440,0.97858673
2441,0.90046936
2442,0.9969282
2443,1.0338571
2444,0.9967714
2445,0.8566511
2446,0.9113567
2447,0.8538801
2448,0.5118575
2449,0.47908834
2450,0.53616685
2451,0.41474468
2452,0.2966772
2453,0.3019307
2454,0.30596352
2455,0.32427555
2456,0.3143977
2457,0.23447381
2458,0.26694313
2459,0.4118339
2460,0.35899398
2461,0.26913238
2462,0.19105804
2463,0.1480686
2464,0.13435727
2465,0.26625767
2466,2.1489308
2467,2.1533504
2468,1.9221165
2469,3.2335348
2470,3.1353662
2471,2.270978
2472,1.4011416
2473,1.3350147
2474,1.4959778
2475,0.9969282
2476,1.035485
2477,1.0127172
2478,0.7078569
2479,0.6906153
2480,0.51223004
2481,0.49566472
2482,0.48590732
2483,0.4565797
2484,0.07289211
2485,0.084342666
2486,0.09062115
2487,0.05465757
2488,0.04732365
2489,0.044000372
2490,0.03618927
2491,0.030897869
2492,0.04318084
2493,0.35488945
2494,0.36666104
2495,0.2622505
2496,0.35655132
2497,0.3460196
2498,0.2172303
2499,0.20789976
2500,0.20469911
2501,0.13294369
2502,0.21050686
2503,0.19815211
2504,0.14000507
2505,0.13133298
2506,0.0868812
2507,0.06802024
2508,0.08528949
2509,0.088955
2510,0.07309926
2511,0.12034019
2512,0.13279533
2513,0.112189844
2514,0.055751976
2515,0.05471683
2516,0.056400623
2517,0.048922338
2518,0.04756291
2519,0.05591647
2520,0.69560236
2521,0.47746366
2522,0.30696437
2523,0.6105588
2524,0.44214025
2525,0.31436616
2526,0.53874946
2527,0.4308667
2528,0.22887461
2529,0.5188633
2530,0.5010378
2531,0.25390485
2532,0.14445488
2533,0.091641486
2534,0.088256486
2535,0.1358445
2536,0.14235118
2537,0.09732503
2538,0.074295014
2539,0.088166
2540,0.12203823
2541,0.08254392
2542,0.050031997
2543,0.064430974
2544,0.05970945
2545,0.050247986
2546,0.08357087
2547,0.3337583
2548,0.3373936
2549,0.3518185
2550,0.40600088
2551,0.43378547
2552,0.4097093
2553,0.2574443
2554,0.25559744
2555,0.27367032
2556,0.17725112
2557,0.17899679
2558,0.178531
2559,0.18898487
2560,0.21044494
2561,0.12723522
2562,0.10629956
2563,0.11403373
2564,0.11725443
2565,0.19337156
2566,0.18931712
2567,0.16421859
2568,0.16749956
2569,0.18310252
2570,0.16104294
2571,0.13885729
2572,0.10739646
2573,0.12794785
2574,2.5321898
2575,0.9969195
2576,0.75030965
2577,2.830563
2578,1.0024513
2579,0.9091232
2580,1.257077
2581,0.821032
2582,0.63481176
2583,0.84536797
2584,0.61438245
2585,0.37929446
2586,0.23673135
2587,0.21424429
2588,0.20652962
2589,0.42054537
2590,0.2531768
2591,0.20402037
2592,0.08655746
2593,0.08033377
2594,0.09461995
2595,0.05881335
2596,0.058559228
2597,0.04351507
2598,0.03620114
2599,0.037831526
2600,0.06252776
2601,0.39267784
2602,0.3605379
2603,0.34154072
2604,0.29400417
2605,0.3006158
2606,0.26927674
2607,0.25340492
2608,0.24532409
2609,0.21931027
2610,0.20858803
2611,0.21065621
2612,0.18537107
2613,0.15485652
2614,0.09891918
2615,0.09926245
2616,0.09891498
2617,0.09864613
2618,0.09393794
2619,0.12068092
2620,0.11971486
2621,0.119402006
2622,0.10992735
2623,0.083870485
2624,0.08184268
2625,0.07729175
2626,0.061244626
2627,0.07582902
2628,0.5824233
2629,0.5375558
2630,0.33162993
2631,0.6085079
2632,0.5858755
2633,0.31274766
2634,0.5250203
2635,0.5004368
2636,0.29144552
2637,0.3686262
2638,0.35166928
2639,0.22321022
2640,0.17894846
2641,0.11245286
2642,0.117519245
2643,0.21411368
2644,0.20875683
2645,0.13495968
2646,0.12132934
2647,0.07619028
2648,0.068482295
2649,0.05090677
2650,0.048030566
2651,0.038382817
2652,0.041718014
2653,0.039525453
2654,0.04329882
2655,0.50320464
2656,0.3147311
2657,0.20503272
2658,0.45055604
2659,0.33774203
2660,0.23301682
2661,0.3950347
2662,0.26450288
2663,0.16798596
2664,0.31032416
2665,0.19656056
2666,0.13918816
2667,0.084605224
2668,0.06925225
2669,0.06687233
2670,0.103294276
2671,0.0838835
2672,0.070839755
2673,0.08249691
2674,0.070906445
2675,0.08234457
2676,0.05596313
2677,0.047740247
2678,0.06406329
2679,0.050470788
2680,0.03350218
2681,0.053184506
2682,0.48285797
2683,0.28341064
2684,0.25293228
2685,0.8983197
2686,0.46554172
2687,0.43159863
2688,0.43132752
2689,0.2467891
2690,0.2835419
2691,0.20928945
2692,0.14809449
2693,0.13130157
2694,0.11675899
2695,0.1492004
2696,0.12659247
2697,0.1630398
2698,0.1049722
2699,0.101094075
2700,0.100918844
2701,0.08140189
2702,0.07094241
2703,0.05417209
2704,0.051667362
2705,0.04106909
2706,0.05139584
2707,0.04201451
2708,0.04146052
2709,0.33846244
2710,0.32742292
2711,0.21606421
2712,0.38670197
2713,0.3024833
2714,0.18695924
2715,0.30437097
2716,0.30578372
2717,0.15388839
2718,0.2915132
2719,0.24989597
2720,0.16095427
2721,0.0802623
2722,0.059219006
2723,0.069980055
2724,0.11805691
2725,0.10594524
2726,0.07276038
2727,0.111685865
2728,0.07905254
2729,0.05809261
2730,0.04048464
2731,0.042653054
2732,0.035654973
2733,0.044479497
2734,0.039804436
2735,0.04492515
2736,0.46483725
2737,0.29797074
2738,0.17636892
2739,0.38417578
2740,0.3272088
2741,0.21146171
2742,0.32325816
2743,0.2757655
2744,0.16467685
2745,0.2708848
2746,0.2241611
2747,0.12015845
2748,0.08128739
2749,0.06975404
2750,0.078584164
2751,0.102192834
2752,0.08921284
2753,0.07287971
2754,0.10691511
2755,0.11109921
2756,0.13362384
2757,0.0954506
2758,0.08457415
2759,0.064812
2760,0.05929392
2761,0.043009333
2762,0.08309606
2763,1.04421
2764,0.7840522
2765,0.6038963
2766,0.8824186
2767,0.6037364
2768,0.46401173
2769,0.62699294
2770,0.36494255
2771,0.2941223
2772,0.44553345
2773,0.34680822
2774,0.27301487
2775,0.22550441
2776,0.17044114
2777,0.13706343
2778,0.19314273
2779,0.1520909
2780,0.12588173
2781,0.14007573
2782,0.14632204
2783,0.14293584
2784,0.14367495
2785,0.14089617
2786,0.08368489
2787,0.089290805
2788,0.06427754
2789,0.09747616
2790,1.0236024
2791,0.9044757
2792,0.65747625
2793,0.8179755
2794,0.6820133
2795,0.46658796
2796,0.7339048
2797,0.59961045
2798,0.4491278
2799,0.49624527
2800,0.44013405
2801,0.3185733
2802,0.26970798
2803,0.15704072
2804,0.17908797
2805,0.24835359
2806,0.23467696
2807,0.17075205
2808,0.07404173
2809,0.0872456
2810,0.0752502
2811,0.044413626
2812,0.041592322
2813,0.04476261
2814,0.037424583
2815,0.031190718
2816,0.04244855
2817,0.41071466
2818,0.35665548
2819,0.23708834
2820,0.3253695
2821,0.325921
2822,0.19917202
2823,0.23239216
2824,0.2072014
2825,0.13624468
2826,0.2825538
2827,0.2785474
2828,0.1555899
2829,0.10603413
2830,0.076317884
2831,0.06681869
2832,0.09519314
2833,0.09288539
2834,0.071965724
2835,0.09803479
2836,0.082790956
2837,0.11049261
2838,0.08109269
2839,0.072944045
2840,0.06427113
2841,0.050845522
2842,0.06052484
2843,0.11007347
2844,0.2991974
2845,0.28164428
2846,0.24557707
2847,0.2889281
2848,0.25585788
2849,0.21767247
2850,0.2543788
2851,0.26576516
2852,0.22948024
2853,0.21143888
2854,0.20285974
2855,0.18711028
2856,0.18732643
2857,0.15269712
2858,0.15444513
2859,0.14065264
2860,0.14700563
2861,0.16879393
2862,0.09187299
2863,0.08482085
2864,0.07324925
2865,0.054385792
2866,0.043769542
2867,0.054947793
2868,0.040190745
2869,0.033542562
2870,0.03529865
2871,1.0876445
2872,0.52736706
2873,0.3226412
2874,0.961128
2875,0.4111476
2876,0.2891069
2877,0.44834396
2878,0.21871509
2879,0.17471163
2880,0.518658
2881,0.2861868
2882,0.15909281
2883,0.11711178
2884,0.080955125
2885,0.06591691
2886,0.12087854
2887,0.07475752
2888,0.058203157
2889,0.061224487
2890,0.064344615
2891,0.07321302
2892,0.03884511
2893,0.041850626
2894,0.0362935
2895,0.034029745
2896,0.029322177
2897,0.053597838
2898,0.22142734
2899,0.20055158
2900,0.17638074
2901,0.2084021
2902,0.22613442
2903,0.17738336
2904,0.19330408
2905,0.19559017
2906,0.15405707
2907,0.15323515
2908,0.15264559
2909,0.12705609
2910,0.0949737
2911,0.06972861
2912,0.075754605
2913,0.075327665
2914,0.07484577
2915,0.06922238
2916,0.08298092
2917,0.08362301
2918,0.071260005
2919,0.033513814
2920,0.036294244
2921,0.027523542
2922,0.028616473
2923,0.028364312
2924,0.040289555
2925,0.42430392
2926,0.37707373
2927,0.24413307
2928,0.30110133
2929,0.27963755
2930,0.1688333
2931,0.21711837
2932,0.22117738
2933,0.13689853
2934,0.28306907
2935,0.3021921
2936,0.15394561
2937,0.09878125
2938,0.065306574
2939,0.06577621
2940,0.0876482
2941,0.09136138
2942,0.06409594
2943,0.15887454
2944,0.15304567
2945,0.2651798
2946,0.14136644
2947,0.100735374
2948,0.12436925
2949,0.0920388
2950,0.09723381
2951,0.19448261
2952,1.1215199
2953,0.98055357
2954,0.9470825
2955,2.1150665
2956,1.8143808
2957,1.316709
2958,1.0090389
2959,0.99687374
2960,1.0289742
2961,0.608392
2962,0.5999161
2963,0.57892275
2964,0.37286204
2965,0.4643225
2966,0.36647177
2967,0.34733015
2968,0.30912113
2969,0.31236994
2970,0.21013467
2971,0.25091338
2972,0.24547482
2973,0.22005709
2974,0.21325995
2975,0.19449274
2976,0.17686477
2977,0.17375867
2978,0.21283244
2979,1.6444988
2980,1.1233408
2981,0.6460186
2982,2.3840806
2983,1.2164953
2984,0.7636354
2985,1.4024253
2986,0.9969282
2987,0.78169256
2988,1.0298468
2989,0.7793582
2990,0.5666814
2991,0.36123574
2992,0.2587622
2993,0.29343954
2994,0.49045768
2995,0.37336493
2996,0.3155876
2997,0.12762898
2998,0.15802917
2999,0.20257096
3000,0.094458476
3001,0.08235122
3002,0.05570849
3003,0.049050394
3004,0.04060731
3005,0.0768164
3006,0.98305124
3007,0.9560424
3008,0.88028437
3009,0.57532763
3010,0.56728554
3011,0.5529419
3012,0.3225287
3013,0.3041671
3014,0.31806934
3015,0.5421279
3016,0.5166095
3017,0.5177206
3018,0.3701152
3019,0.2166534
3020,0.12971051
3021,0.09521383
3022,0.096955806
3023,0.107296556
3024,0.15068063
3025,0.16079606
3026,0.18688947
3027,0.1525426
3028,0.18001348
3029,0.15131265
3030,0.10385534
3031,0.10752475
3032,0.16391599
3033,0.9158669
3034,0.8796887
3035,0.7819513
3036,0.9378807
3037,0.95645744
3038,0.8899892
3039,0.8318536
3040,0.85853076
3041,0.8455903
3042,0.47201103
3043,0.47135788
3044,0.48998767
3045,0.36517352
3046,0.2518565
3047,0.3072374
3048,0.28546512
3049,0.2765013
3050,0.32448316
3051,0.2412615
3052,0.18848228
3053,0.10300815
3054,0.16038941
3055,0.15577188
3056,0.14013444
3057,0.21137197
3058,0.16343853
3059,0.12320116
3060,1.2548708
3061,0.58309656
3062,0.33713755
3063,1.4169738
3064,0.9020882
3065,0.48559174
3066,1.3181745
3067,0.82463145
3068,0.3931996
3069,0.7834482
3070,0.42352453
3071,0.28282946
3072,0.19191904
3073,0.11961608
3074,0.17611305
3075,0.43490347
3076,0.27739555
3077,0.19020046
3078,0.11252019
3079,0.13189366
3080,0.123950794
3081,0.072818436
3082,0.07280079
3083,0.06695811
3084,0.061891343
3085,0.05169141
3086,0.06485564
3087,0.85704803
3088,0.54055786
3089,0.33434084
3090,0.8896723
3091,0.51613367
3092,0.32813135
3093,0.66189265
3094,0.40643272
3095,0.29653296
3096,0.44090286
3097,0.32656357
3098,0.23689748
3099,0.16305077
3100,0.10893818
3101,0.11232567
3102,0.19260165
3103,0.14235356
3104,0.12207048
3105,0.1598585
3106,0.19220296
3107,0.2824182
3108,0.19860272
3109,0.21563983
3110,0.13717109
3111,0.1432794
3112,0.12197664
3113,0.2040905
3114,1.0981811
3115,1.1078926
3116,1.0388592
3117,1.1778704
3118,1.3135054
3119,1.0157796
3120,0.9654485
3121,0.92884034
3122,0.75747555
3123,0.66185534
3124,0.6657243
3125,0.65750027
3126,0.6138153
3127,0.44447005
3128,0.38542917
3129,0.3297145
3130,0.32760423
3131,0.35880944
3132,0.0899745
3133,0.071691304
3134,0.07567298
3135,0.043635592
3136,0.036822103
3137,0.04334879
3138,0.03693109
3139,0.0293438
3140,0.046422556
3141,0.29803526
3142,0.29530483
3143,0.18411048
3144,0.667861
3145,0.56158113
3146,0.32867244
3147,0.3190175
3148,0.2819402
3149,0.18372989
3150,0.1744206
3151,0.17288294
3152,0.11719895
3153,0.09981268
3154,0.113066055
3155,0.08251821
3156,0.110664204
3157,0.102399945
3158,0.09068209
3159,0.13595922
3160,0.10392773
3161,0.20591024
3162,0.11207524
3163,0.11044189
3164,0.099761784
3165,0.10006991
3166,0.08513803
3167,0.13793842
3168,0.78433937
3169,0.8252849
3170,0.756133
3171,1.1162444
3172,1.1834325
3173,1.0184824
3174,0.8098566
3175,0.7132392
3176,0.68214345
3177,0.3108391
3178,0.3075393
3179,0.32087156
3180,0.313478
3181,0.39235705
3182,0.26489833
3183,0.26203287
3184,0.24890044
3185,0.26231617
3186,0.109732226
3187,0.119483605
3188,0.1229111
3189,0.06677026
3190,0.07412026
3191,0.05262656
3192,0.04994978
3193,0.04136801
3194,0.06893634
3195,0.89206374
3196,0.6182262
3197,0.449252
3198,0.6355214
3199,0.47542462
3200,0.30752543
3201,0.45203733
3202,0.31885624
